{"cameraMode":{"drawMode":0,"name":"Shaded","section":"Shading Mode"},"sceneLighting":false,"audioPlay":false,"sceneViewState":{"showFog":true,"showMaterialUpdate":true,"showSkybox":true,"showFlares":true,"showImageEffects":true,"showParticleSystems":true},"in2DMode":false,"pivot":{"x":360.17724609375,"y":282.40802001953127,"z":-391.6319580078125},"rotation":{"x":-0.11107014119625092,"y":-0.0005772144650109112,"z":0.00006446496990974993,"w":-0.9938124418258667},"size":274.2799377441406,"orthographic":false}