{"cameraMode":{"drawMode":0,"name":"Shaded","section":"Shading Mode"},"sceneLighting":false,"audioPlay":false,"sceneViewState":{"showFog":true,"showMaterialUpdate":true,"showSkybox":true,"showFlares":true,"showImageEffects":true,"showParticleSystems":true},"in2DMode":false,"pivot":{"x":397.9635314941406,"y":361.62139892578127,"z":477.18096923828127},"rotation":{"x":-0.13393542170524598,"y":0.13409502804279328,"z":0.018293866887688638,"w":0.9817052483558655},"size":1224.5411376953125,"orthographic":false}